{
	"customTemplates": [
		{
			"name": "template-blank",
			"title": "Blank Canvas"
		},
		{
			"name": "template-no-title",
			"postTypes": [
				"page"
			],
			"title": "No Title"
		}
	],
	"settings": {
		"appearanceTools": true,
		"color": {
			"defaultDuotone": false,
			"defaultGradients": false,
			"defaultPalette": false,
			"palette": [
				{
					"color": "#FFFFFF",
					"name": "0",
					"slug": "0"
				},
				{
					"color": "#ECE7E1",
					"name": "10",
					"slug": "10"
				},
				{
					"color": "#D4CFC8",
					"name": "30",
					"slug": "30"
				},
				{
					"color": "#75736E",
					"name": "70",
					"slug": "70"
				},
				{
					"color": "#15151C",
					"name": "100",
					"slug": "100"
				}
			]
		},
		"custom": {
			"border": {
				"radius": {
					"large": "clamp(12px, 3.125vw, 24px)",
					"tiny": "4px"
				}
			},
			"input": {
				"padding": ".75em 1em"
			}
		},
		"layout": {
			"contentSize": "600px",
			"wideSize": "2560px"
		},
		"spacing": {
			"spacingScale": {
				"steps": 0
			},
			"spacingSizes": [
				{
					"name": "1",
					"size": "8px",
					"slug": "10"
				},
				{
					"name": "2",
					"size": "12px",
					"slug": "20"
				},
				{
					"name": "3",
					"size": "16px",
					"slug": "30"
				},
				{
					"name": "4",
					"size": "clamp(16px, 4.166vw, 24px)",
					"slug": "40"
				},
				{
					"name": "5",
					"size": "clamp(24px, 4.166vw, 32px)",
					"slug": "50"
				},
				{
					"name": "6",
					"size": "clamp(32px, 6.25vw, 48px)",
					"slug": "60"
				},
				{
					"name": "7",
					"size": "clamp(48px, 8.333vw, 64px)",
					"slug": "70"
				},
				{
					"name": "8",
					"size": "clamp(64px, 12.5vw, 96px)",
					"slug": "80"
				},
				{
					"name": "9",
					"size": "clamp(96px, 16.666vw, 128px)",
					"slug": "90"
				},
				{
					"name": "Body Margin",
					"size": "clamp(24px, 4.166vw, 32.0px)",
					"slug": "body-margin"
				}
			],
			"units": [
				"%",
				"px",
				"em",
				"rem",
				"vh",
				"vw"
			]
		},
		"typography": {
			"customFontSize": true,
			"fluid": true,
			"fontFamilies": [
				{
					"fontFace": [
						{
							"fontFamily": "Instrument Serif",
							"fontStretch": "normal",
							"fontStyle": "normal",
							"fontWeight": "400",
							"src": [
								"file:./assets/fonts/instrument-serif/instrument-serif-400.woff2"
							]
						},
						{
							"fontFamily": "Instrument Serif",
							"fontStretch": "normal",
							"fontStyle": "italic",
							"fontWeight": "400",
							"src": [
								"file:./assets/fonts/instrument-serif/instrument-serif-400-italic.woff2"
							]
						}
					],
					"fontFamily": "\"Instrument Serif\", ui-serif, serif",
					"name": "Instrument Serif",
					"slug": "heading"
				},
				{
					"fontFace": [
						{
							"fontFamily": "Open Sauce Two",
							"fontStretch": "normal",
							"fontStyle": "normal",
							"fontWeight": "500",
							"src": [
								"file:./assets/fonts/open-sauce-two/open-sauce-two-500.woff2"
							]
						},
						{
							"fontFamily": "Open Sauce Two",
							"fontStretch": "normal",
							"fontStyle": "italic",
							"fontWeight": "500",
							"src": [
								"file:./assets/fonts/open-sauce-two/open-sauce-two-500-italic.woff2"
							]
						},
						{
							"fontFamily": "Open Sauce Two",
							"fontStretch": "normal",
							"fontStyle": "normal",
							"fontWeight": "700",
							"src": [
								"file:./assets/fonts/open-sauce-two/open-sauce-two-700.woff2"
							]
						},
						{
							"fontFamily": "Open Sauce Two",
							"fontStretch": "normal",
							"fontStyle": "italic",
							"fontWeight": "700",
							"src": [
								"file:./assets/fonts/open-sauce-two/open-sauce-two-700-italic.woff2"
							]
						},
						{
							"fontFamily": "Open Sauce Two",
							"fontStretch": "normal",
							"fontStyle": "normal",
							"fontWeight": "800",
							"src": [
								"file:./assets/fonts/open-sauce-two/open-sauce-two-800.woff2"
							]
						},
						{
							"fontFamily": "Open Sauce Two",
							"fontStretch": "normal",
							"fontStyle": "italic",
							"fontWeight": "800",
							"src": [
								"file:./assets/fonts/open-sauce-two/open-sauce-two-800-italic.woff2"
							]
						}
					],
					"fontFamily": "\"Open Sauce Two\", ui-sans-serif, sans-serif",
					"name": "Open Sauce Two",
					"slug": "body"
				},
				{
					"fontFamily": "ui-sans-serif, -apple-system, BlinkMacSystemFont, \"Segoe UI\", Roboto, \"Helvetica Neue\", sans-serif",
					"name": "System Sans Serif",
					"slug": "system-sans-serif"
				},
				{
					"fontFamily": "ui-serif, Georgia, serif",
					"name": "System Serif",
					"slug": "system-serif"
				},
				{
					"fontFamily": "ui-monospace, Menlo, Consolas, Monaco, \"Liberation Mono\", \"Lucida Console\", monospace",
					"name": "System Monospace",
					"slug": "system-monospace"
				}
			],
			"fontSizes": [
				{
					"fluid": {
						"max": "14px",
						"min": "16px"
					},
					"name": "Small",
					"size": "16px",
					"slug": "small"
				},
				{
					"fluid": {
						"max": "18px",
						"min": "16px"
					},
					"name": "Medium",
					"size": "18px",
					"slug": "medium"
				},
				{
					"fluid": {
						"max": "22px",
						"min": "20px"
					},
					"name": "Large",
					"size": "22px",
					"slug": "large"
				},
				{
					"fluid": {
						"max": "28px",
						"min": "24px"
					},
					"name": "Extra Large",
					"size": "28px",
					"slug": "extra-large"
				},
				{
					"fluid": {
						"max": "32px",
						"min": "28px"
					},
					"name": "Huge",
					"size": "32px",
					"slug": "huge"
				},
				{
					"fluid": {
						"max": "128px",
						"min": "72px"
					},
					"name": "Heading 1",
					"size": "128px",
					"slug": "heading-1"
				},
				{
					"fluid": {
						"max": "96px",
						"min": "56px"
					},
					"name": "Heading 2",
					"size": "96px",
					"slug": "heading-2"
				},
				{
					"fluid": {
						"max": "80px",
						"min": "48px"
					},
					"name": "Heading 3",
					"size": "80px",
					"slug": "heading-3"
				},
				{
					"fluid": {
						"max": "64px",
						"min": "40px"
					},
					"name": "Heading 4",
					"size": "64px",
					"slug": "heading-4"
				},
				{
					"fluid": {
						"max": "48px",
						"min": "32px"
					},
					"name": "Heading 5",
					"size": "48.0px",
					"slug": "heading-5"
				},
				{
					"fluid": {
						"max": "32px",
						"min": "24px"
					},
					"name": "Heading 6",
					"size": "32.0px",
					"slug": "heading-6"
				},
				{
					"fluid": {
						"max": "var(--wp--custom--border--radius--large)",
						"min": "var(--wp--custom--border--radius--large)"
					},
					"name": "Border Radius",
					"size": "var(--wp--custom--border--radius--large)",
					"slug": "border-radius"
				}
			]
		},
		"useRootPaddingAwareAlignments": true
	},
	"styles": {
		"blocks": {
			"core/avatar": {
				"border": {
					"radius": "999px"
				},
				"css": ".wp-block-avatar img {height: auto;max-width: 100%;}"
			},
			"core/button": {
				"color": {
					"background": "var(--wp--preset--color--30)",
					"text": "var(--wp--preset--color--100)"
				},
				"spacing": {
					"padding": {
						"bottom": ".44em",
						"left": "1em",
						"right": "1em",
						"top": ".44em"
					}
				},
				"variations": {
					"outline": {
						"border": {
							"color": "var(--wp--preset--color--30)",
							"width": "1px"
						},
						"spacing": {
							"padding": {
								"bottom": "calc(.44em - 1px)",
								"left": "calc(1em - 1px)",
								"right": "calc(1em - 1px)",
								"top": "calc(.44em - 1px)"
							}
						}
					}
				}
			},
			"core/buttons": {
				"spacing": {
					"blockGap": ".888em",
					"margin": {
						"bottom": "var(--wp--preset--spacing--body-margin)",
						"top": "var(--wp--preset--spacing--body-margin)"
					}
				}
			},
			"core/categories": {
				"elements": {
					"link": {
						":hover": {
							"typography": {
								"textDecoration": "underline"
							}
						},
						"typography": {
							"textDecoration": "none"
						}
					}
				},
				"spacing": {
					"padding": {
						"left": "0px",
						"right": "0px"
					}
				}
			},
			"core/code": {
				"border": {
					"radius": "var(--wp--custom--border--radius--large)",
					"width": "0"
				},
				"color": {
					"background": "var(--wp--preset--color--30)"
				},
				"spacing": {
					"padding": {
						"bottom": "var(--wp--preset--spacing--body-margin)",
						"left": "var(--wp--preset--spacing--body-margin)",
						"right": "var(--wp--preset--spacing--body-margin)",
						"top": "var(--wp--preset--spacing--body-margin)"
					}
				},
				"typography": {
					"fontFamily": "monospace"
				}
			},
			"core/columns": {
				"spacing": {
					"blockGap": "var(--wp--preset--spacing--body-margin)",
					"margin": {
						"bottom": "var(--wp--preset--spacing--body-margin)",
						"top": "var(--wp--preset--spacing--body-margin)"
					}
				}
			},
			"core/comment-author-name": {
				"elements": {
					"link": {
						":hover": {
							"typography": {
								"textDecoration": "underline"
							}
						},
						"typography": {
							"textDecoration": "none"
						}
					}
				},
				"typography": {
					"fontStyle": "normal",
					"fontWeight": "700"
				}
			},
			"core/comment-content": {
				"css": "& > *:first-child { margin-top: 0; } & > *:last-child { margin-bottom: 0; }"
			},
			"core/comment-date": {
				"color": {
					"text": "var(--wp--preset--color--contrast-2)"
				},
				"elements": {
					"link": {
						":hover": {
							"typography": {
								"textDecoration": "underline"
							}
						},
						"color": {
							"text": "var(--wp--preset--color--contrast-2)"
						},
						"typography": {
							"textDecoration": "none"
						}
					}
				},
				"spacing": {
					"margin": {
						"bottom": "0px",
						"top": "0px"
					}
				}
			},
			"core/comment-edit-link": {
				"elements": {
					"link": {
						":hover": {
							"typography": {
								"textDecoration": "underline"
							}
						},
						"color": {
							"text": "var(--wp--preset--color--contrast-2)"
						},
						"typography": {
							"textDecoration": "none"
						}
					}
				}
			},
			"core/comment-reply-link": {
				"css": "& { display: inline-flex; }",
				"elements": {
					"link": {
						":hover": {
							"typography": {
								"textDecoration": "underline"
							}
						},
						"border": {
							"color": "var(--wp--preset--color--30)",
							"radius": "99px",
							"style": "solid",
							"width": "1px"
						},
						"spacing": {
							"padding": {
								"bottom": "calc(.5em - 1px)",
								"left": "calc(1.1em - 1px)",
								"right": "calc(1.1em - 1px)",
								"top": "calc(.5em - 1px)"
							}
						},
						"typography": {
							"textDecoration": "none"
						}
					}
				},
				"spacing": {
					"margin": {
						"top": "0"
					}
				}
			},
			"core/footnotes": {
				"typography": {
					"fontSize": "var(--wp--preset--font-size--small)"
				}
			},
			"core/gallery": {
				"spacing": {
					"margin": {
						"bottom": "var(--wp--preset--spacing--body-margin)",
						"top": "var(--wp--preset--spacing--body-margin)"
					}
				}
			},
			"core/group": {
				"spacing": {
					"margin": {
						"bottom": "var(--wp--preset--spacing--body-margin)",
						"top": "var(--wp--preset--spacing--body-margin)"
					}
				}
			},
			"core/image": {
				"border": {
					"radius": "var(--wp--custom--border--radius--large)"
				},
				"spacing": {
					"margin": {
						"bottom": "var(--wp--preset--spacing--70)",
						"top": "var(--wp--preset--spacing--70)"
					}
				}
			},
			"core/media-text": {
				"css": ".wp-block-media-text.has-background { border-radius: var( --wp--custom--media-text--border--radius, var(--wp--custom--border--radius--large) ); overflow: hidden; } .wp-block-media-text .wp-block-media-text__content { padding: var(--wp--preset--spacing--body-margin); }"
			},
			"core/navigation": {
				"elements": {
					"link": {
						":hover": {
							"typography": {
								"textDecoration": "underline"
							}
						},
						"typography": {
							"textDecoration": "none"
						}
					}
				},
				"typography": {
					"fontWeight": "500"
				}
			},
			"core/paragraph": {
				"css": ".has-drop-cap:not(:focus)::first-letter { font-family: var( --wp--custom--drop-cap--typography--font-family, var(--wp--preset--font-family--heading) ); font-size: var( --wp--custom--drop-cap--typography--font-size, 7.3em ); font-weight: var( --wp--custom--drop-cap--typography--font-weight, 400 ); line-height: var( --wp--custom--drop-cap--typography--line-height, .75 ); margin: var( --wp--custom--drop-cap--spacing--margin, .04em .08em 0 0 ); }"
			},
			"core/post-author-name": {
				"elements": {
					"link": {
						":hover": {
							"typography": {
								"textDecoration": "underline"
							}
						},
						"typography": {
							"textDecoration": "none"
						}
					}
				}
			},
			"core/post-comments-form": {
				"elements": {
					"button": {
						"color": {
							"background": "var( --wp--preset--color--100 ) !important",
							"text": "var( --wp--preset--color--0 ) !important"
						}
					}
				}
			},
			"core/post-date": {
				"color": {
					"text": "var(--wp--preset--color--contrast-2)"
				},
				"elements": {
					"link": {
						":hover": {
							"typography": {
								"textDecoration": "underline"
							}
						},
						"color": {
							"text": "var(--wp--preset--color--contrast-2)"
						},
						"typography": {
							"textDecoration": "none"
						}
					}
				}
			},
			"core/post-excerpt": {
				"typography": {
					"lineHeight": "1.6"
				}
			},
			"core/post-featured-image": {
				"border": {
					"radius": "var(--wp--custom--border--radius--large)"
				}
			},
			"core/post-navigation-link": {
				"css": ".wp-block-post-navigation-link a:hover .post-navigation-link__title { text-decoration: underline; text-decoration-thickness: 1px; text-underline-offset: 0.15em; }",
				"elements": {
					"link": {
						"typography": {
							"textDecoration": "none"
						}
					}
				}
			},
			"core/post-terms": {
				"elements": {
					"link": {
						":hover": {
							"typography": {
								"textDecoration": "underline"
							}
						},
						"typography": {
							"textDecoration": "none"
						}
					}
				}
			},
			"core/post-title": {
				"elements": {
					"link": {
						":hover": {
							"typography": {
								"textDecoration": "underline"
							}
						},
						"typography": {
							"textDecoration": "none"
						}
					}
				}
			},
			"core/pullquote": {
				"border": {
					"color": "var(--wp--preset--color--30)",
					"style": "solid",
					"width": "1px 0"
				},
				"elements": {
					"cite": {
						"border": {
							"color": "var(--wp--preset--color--30)",
							"style": "solid",
							"width": "1px 0 0"
						},
						"spacing": {
							"padding": {
								"top": "var(--wp--preset--spacing--40)"
							}
						},
						"typography": {
							"fontSize": "inherit",
							"fontStyle": "italic",
							"fontWeight": "400",
							"letterSpacing": "-0.01em",
							"lineHeight": "1.2",
							"textTransform": "none"
						}
					}
				},
				"spacing": {
					"margin": {
						"bottom": "var(--wp--preset--spacing--70)",
						"top": "var(--wp--preset--spacing--70)"
					},
					"padding": {
						"bottom": "var(--wp--preset--spacing--40)",
						"left": "0",
						"right": "0",
						"top": "var(--wp--preset--spacing--40)"
					}
				},
				"typography": {
					"fontFamily": "var(--wp--preset--font-family--heading)",
					"fontSize": "var(--wp--preset--font-size--heading-5)",
					"fontStyle": "normal",
					"fontWeight": "400",
					"letterSpacing": "-0.01em",
					"lineHeight": "1.2"
				}
			},
			"core/query-pagination": {
				"elements": {
					"link": {
						"typography": {
							"textDecoration": "none"
						}
					}
				}
			},
			"core/quote": {
				"border": {
					"radius": "var(--wp--custom--border--radius--large)"
				},
				"elements": {
					"cite": {
						"typography": {
							"fontFamily": "var(--wp--preset--font-family--body)",
							"fontSize": "var(--wp--preset--font-size--small)",
							"fontStyle": "normal"
						}
					}
				},
				"spacing": {
					"margin": {
						"bottom": "var(--wp--preset--spacing--60)",
						"top": "var(--wp--preset--spacing--60)"
					}
				},
				"typography": {
					"fontSize": "var(--wp--preset--font-size--medium)",
					"fontStyle": "normal",
					"lineHeight": "1.5"
				},
				"variations": {
					"plain": {
						"border": {
							"radius": "0",
							"style": "solid",
							"width": "0 0 0 2px"
						},
						"color": {
							"background": "transparent"
						},
						"spacing": {
							"padding": {
								"bottom": "0",
								"left": "var(--wp--preset--spacing--50)",
								"right": "0",
								"top": "0"
							}
						}
					}
				}
			},
			"core/search": {
				"elements": {
					"button": {
						"border": {
							"radius": {
								"ref": "styles.elements.button.border.radius"
							}
						},
						"spacing": {
							"padding": {
								"bottom": ".65em",
								"left": ".9em",
								"right": ".9em",
								"top": ".65em"
							}
						}
					}
				}
			},
			"core/separator": {
				"border": {
					"color": "currentColor",
					"style": "solid",
					"width": "0 0 1px 0"
				},
				"color": {
					"text": "var(--wp--preset--color--100)"
				},
				"css": "&:not(.is-style-wide):not(.is-style-dots):not(.alignwide):not(.alignfull){width: var(--wp--preset--spacing--90)}",
				"spacing": {
					"margin": {
						"bottom": "var(--wp--preset--spacing--60)",
						"top": "var(--wp--preset--spacing--60)"
					}
				}
			},
			"core/site-title": {
				"elements": {
					"link": {
						":hover": {
							"typography": {
								"textDecoration": "underline"
							}
						},
						"typography": {
							"textDecoration": "none"
						}
					}
				},
				"typography": {
					"fontFamily": "inherit",
					"fontSize": "inherit",
					"fontStyle": "inherit",
					"fontWeight": "inherit",
					"letterSpacing": "inherit"
				}
			},
			"core/social-links": {
				"css": ".wp-block-social-links .wp-social-link a { padding: .33em; }",
				"spacing": {
					"blockGap": "0.5em 0.5em"
				}
			}
		},
		"color": {
			"background": "var(--wp--preset--color--10)",
			"text": "var(--wp--preset--color--100)"
		},
		"elements": {
			"button": {
				":hover": {
					"typography": {
						"textDecoration": "underline"
					}
				},
				"border": {
					"radius": "99px"
				},
				"typography": {
					"fontSize": "var(--wp--preset--font-size--medium)"
				}
			},
			"caption": {
				"spacing": {
					"margin": {
						"bottom": "0",
						"top": "1em"
					}
				},
				"typography": {
					"fontSize": "var(--wp--preset--font-size--small)"
				}
			},
			"cite": {
				"spacing": {
					"margin": {
						"top": "var(--wp--preset--spacing--40)"
					}
				},
				"typography": {
					"fontWeight": "700",
					"letterSpacing": "0.05em",
					"textTransform": "uppercase"
				}
			},
			"h1": {
				"typography": {
					"fontSize": "var(--wp--preset--font-size--heading-1)",
					"letterSpacing": "-0.01em"
				}
			},
			"h2": {
				"typography": {
					"fontSize": "var(--wp--preset--font-size--heading-2)",
					"letterSpacing": "-0.01em"
				}
			},
			"h3": {
				"typography": {
					"fontSize": "var(--wp--preset--font-size--heading-3)",
					"letterSpacing": "-0.01em"
				}
			},
			"h4": {
				"typography": {
					"fontSize": "var(--wp--preset--font-size--heading-4)",
					"letterSpacing": "-0.01em"
				}
			},
			"h5": {
				"typography": {
					"fontSize": "var(--wp--preset--font-size--heading-5)"
				}
			},
			"h6": {
				"typography": {
					"fontSize": "var(--wp--preset--font-size--heading-6)"
				}
			},
			"heading": {
				"spacing": {
					"margin": {
						"bottom": ".33em",
						"top": ".66em"
					}
				},
				"typography": {
					"fontFamily": "var(--wp--preset--font-family--heading)",
					"fontWeight": "400",
					"lineHeight": "1"
				}
			},
			"link": {
				":hover": {
					"typography": {
						"textDecoration": "none"
					}
				},
				"color": {
					"text": "inherit"
				}
			}
		},
		"spacing": {
			"blockGap": "1.2rem",
			"padding": {
				"bottom": "0",
				"left": "var(--wp--preset--spacing--body-margin)",
				"right": "var(--wp--preset--spacing--body-margin)",
				"top": "0"
			}
		},
		"typography": {
			"fontFamily": "var(--wp--preset--font-family--body)",
			"fontSize": "var(--wp--preset--font-size--medium)",
			"fontStyle": "normal",
			"fontWeight": "500",
			"lineHeight": "1.5"
		}
	},
	"templateParts": [
		{
			"area": "header",
			"name": "header",
			"title": "Header (Mobile)"
		},
		{
			"area": "header",
			"name": "header-desktop",
			"title": "Header (Desktop)"
		},
		{
			"area": "uncategorized",
			"name": "sidebar",
			"title": "Sidebar (Desktop)"
		},
		{
			"area": "footer",
			"name": "footer",
			"title": "Footer"
		},
		{
			"area": "uncategorized",
			"name": "loop",
			"title": "Loop"
		},
		{
			"area": "uncategorized",
			"name": "comments",
			"title": "Comments"
		}
	],
	"version": 2,
	"$schema": "https://schemas.wp.org/wp/6.3/theme.json"
}