{
    "title": "Zadornov",
	"$schema": "https://schemas.wp.org/trunk/theme.json",
    "version": 2,
    "settings": {
        "color": {
			"palette": [
				{
					"color": "#BBB2CE",
					"name": "0",
					"slug": "0"
				},
				{
					"color": "#FFFFFF",
					"name": "10",
					"slug": "10"
				},
				{
					"color": "#ACA4BE",
					"name": "30",
					"slug": "30"
				},
				{
					"color": "#38353E",
					"name": "70",
					"slug": "70"
				},
				{
					"color": "#131215",
					"name": "100",
					"slug": "100"
				}
			]
		}
    },
	"styles": {
		"color": {
			"background": "var(--wp--preset--color--0)"
		}
	}
}